bundle_family,bundle_key,bundle_status,customer,studio,amount,currency,memo,invoice_date,due_date,vertical,source_file_count,source_parser_families,source_report_statuses,matched_airtable_row,matched_airtable_amount,amount_diff,comparison_status,bundle_rule,notes,source_files
adulttime_pdf_bundle,adulttime_april_2026_exxxtrasmall_bundle,bundle_candidate_review,Gamma Broadcast Group Inc.:Adult Time,Paper Street Media LLC,959.51,USD,VOD April 2026,2026-04-30,2026-06-30,VOD,2,pdf_adulttime_scene,review,17942,959.51,0.00,exact_bundle_match,Sum both April PDF totals; keep review-gated until scene-level Revshare rows are persisted.,AdultTime matches the Airtable amount only as a two-PDF bundle; source parsers remain review-only.,Accounting Project\Sample Reports\Gamma Broadcast Group Inc._Adult Time - VOD - Emailed\April 2026\AdultTimeContentRoyalties_exxxtrasmall-channel_20260401.pdf; Accounting Project\Sample Reports\Gamma Broadcast Group Inc._Adult Time - VOD - Emailed\April 2026\AdultTimeContentRoyalties_exxxtrasmall_20260401.pdf
hpg_channel_bundle,hpg_february_2026_all_channels_smm_inc_true_x,bundle_candidate_ready,HPG Production,SMM Inc.:True X,45.10,EUR,Various titles February 2026 - TX,2026-03-31,2026-05-31,Licensing,2,xlsx_hpg_canal; xlsx_hpg_proximus,review,17717,45.1,0.00,exact_bundle_match,"February 2026 Canal, Netgem, and Proximus files grouped together by canonical studio.",HPG source files reconcile individually; this row is a deterministic bundle preview.,Accounting Project\Sample Reports\HPG - Licensing - Google Drive\March 2026 last quarter reports\02-2026\canal-orange\report_TRUEX NMG_CanalPlay_2026_02.xlsx; Accounting Project\Sample Reports\HPG - Licensing - Google Drive\March 2026 last quarter reports\02-2026\proximus\report_TRUEX NMG_Proximus_2026_02.xlsx
hpg_channel_bundle,hpg_february_2026_all_channels_ama_multimedia_llc,bundle_candidate_ready,HPG Production,AMA Multimedia LLC,121.38,EUR,Various titles February 2026,2026-03-31,2026-05-31,Licensing,3,xlsx_hpg_canal; xlsx_hpg_proximus,review,17714,121.38,0.00,exact_bundle_match,"February 2026 Canal, Netgem, and Proximus files grouped together by canonical studio.",HPG source files reconcile individually; this row is a deterministic bundle preview.,Accounting Project\Sample Reports\HPG - Licensing - Google Drive\March 2026 last quarter reports\02-2026\canal-orange\report_PURE PASSION NMG_CanalPlay_2026_02.xlsx; Accounting Project\Sample Reports\HPG - Licensing - Google Drive\March 2026 last quarter reports\02-2026\proximus\report_PURE PASSION NMG_Proximus_2026_02.xlsx; Accounting Project\Sample Reports\HPG - Licensing - Google Drive\March 2026 last quarter reports\02-2026\proximus\report_VISION FILMS NMG_Proximus_2026_02.xlsx
hpg_channel_bundle,hpg_february_2026_all_channels_eyecash_inc_filthy_kings,bundle_candidate_ready,HPG Production,Eyecash Inc.:Filthy Kings,11.13,EUR,Various titles February 2026,2026-03-31,2026-05-31,Licensing,2,xlsx_hpg_canal; xlsx_hpg_proximus,review,17709,11.13,0.00,exact_bundle_match,"February 2026 Canal, Netgem, and Proximus files grouped together by canonical studio.",HPG source files reconcile individually; this row is a deterministic bundle preview.,Accounting Project\Sample Reports\HPG - Licensing - Google Drive\March 2026 last quarter reports\02-2026\canal-orange\report_FILTHY KINGS NMG_CanalPlay_2026_02.xlsx; Accounting Project\Sample Reports\HPG - Licensing - Google Drive\March 2026 last quarter reports\02-2026\proximus\report_FILTHY KINGS NMG_Proximus_2026_02.xlsx
hpg_channel_bundle,hpg_february_2026_all_channels_millennium_tga_inc_grooby,bundle_candidate_ready,HPG Production,Millennium TGA Inc:Grooby,64.48,EUR,Various titles February 2026,2026-03-31,2026-05-31,Licensing,2,xlsx_hpg_canal; xlsx_hpg_proximus,review,17708,64.48,0.00,exact_bundle_match,"February 2026 Canal, Netgem, and Proximus files grouped together by canonical studio.",HPG source files reconcile individually; this row is a deterministic bundle preview.,Accounting Project\Sample Reports\HPG - Licensing - Google Drive\March 2026 last quarter reports\02-2026\canal-orange\report_GROOBY NMG_CanalPlay_2026_02.xlsx; Accounting Project\Sample Reports\HPG - Licensing - Google Drive\March 2026 last quarter reports\02-2026\proximus\report_GROOBY NMG_Proximus_2026_02.xlsx
hpg_channel_bundle,hpg_february_2026_all_channels_neptune_media_llc_mylf,bundle_candidate_ready,HPG Production,Neptune Media LLC:MYLF,205.33,EUR,Various titles February 2026,2026-03-31,2026-05-31,Licensing,2,xlsx_hpg_canal; xlsx_hpg_proximus,review,17711,205.33,0.00,exact_bundle_match,"February 2026 Canal, Netgem, and Proximus files grouped together by canonical studio.",HPG source files reconcile individually; this row is a deterministic bundle preview.,Accounting Project\Sample Reports\HPG - Licensing - Google Drive\March 2026 last quarter reports\02-2026\canal-orange\report_MYLF NMG_CanalPlay_2026_02.xlsx; Accounting Project\Sample Reports\HPG - Licensing - Google Drive\March 2026 last quarter reports\02-2026\proximus\report_MYLF NMG_Proximus_2026_02.xlsx
hpg_channel_bundle,hpg_february_2026_all_channels_nf_media_inc_nubile_films,bundle_candidate_ready,HPG Production,NF Media Inc:Nubile Films,101.56,EUR,Various titles February 2026,2026-03-31,2026-05-31,Licensing,3,xlsx_hpg_canal; xlsx_hpg_netgem; xlsx_hpg_proximus,review,17712,101.56,0.00,exact_bundle_match,"February 2026 Canal, Netgem, and Proximus files grouped together by canonical studio.",HPG source files reconcile individually; this row is a deterministic bundle preview.,Accounting Project\Sample Reports\HPG - Licensing - Google Drive\March 2026 last quarter reports\02-2026\canal-orange\report_NUBILE FILMS NMG_CanalPlay_2026_02.xlsx; Accounting Project\Sample Reports\HPG - Licensing - Google Drive\March 2026 last quarter reports\02-2026\netgem\report_NUBILE FILMS NMG_Netgem_2026_02.xlsx; Accounting Project\Sample Reports\HPG - Licensing - Google Drive\March 2026 last quarter reports\02-2026\proximus\report_NUBILE FILMS NMG_Proximus_2026_02.xlsx
hpg_channel_bundle,hpg_february_2026_all_channels_nuvision_media_llc_pornstar_platinum,bundle_candidate_ready,HPG Production,NuVision Media LLC:Pornstar Platinum,29.71,EUR,Various titles February 2026,2026-03-31,2026-05-31,Licensing,2,xlsx_hpg_canal; xlsx_hpg_proximus,review,17713,29.71,0.00,exact_bundle_match,"February 2026 Canal, Netgem, and Proximus files grouped together by canonical studio.",HPG source files reconcile individually; this row is a deterministic bundle preview.,Accounting Project\Sample Reports\HPG - Licensing - Google Drive\March 2026 last quarter reports\02-2026\canal-orange\report_PORNSTAR PLATINIUM NMG_CanalPlay_2026_02.xlsx; Accounting Project\Sample Reports\HPG - Licensing - Google Drive\March 2026 last quarter reports\02-2026\proximus\report_PORNSTAR PLATINIUM NMG_Proximus_2026_02.xlsx
hpg_channel_bundle,hpg_february_2026_all_channels_paper_street_media_llc,bundle_candidate_ready,HPG Production,Paper Street Media LLC,247.03,EUR,Various titles February 2026,2026-03-31,2026-05-31,Licensing,6,xlsx_hpg_canal; xlsx_hpg_netgem; xlsx_hpg_proximus,review,17716,247.04,0.01,exact_bundle_match,"February 2026 Canal, Netgem, and Proximus files grouped together by canonical studio.",HPG source files reconcile individually; this row is a deterministic bundle preview.,Accounting Project\Sample Reports\HPG - Licensing - Google Drive\March 2026 last quarter reports\02-2026\canal-orange\report_CRAVE NMG_CanalPlay_2026_02.xlsx; Accounting Project\Sample Reports\HPG - Licensing - Google Drive\March 2026 last quarter reports\02-2026\canal-orange\report_TEAM SKEET NMG_CanalPlay_2026_02.xlsx; Accounting Project\Sample Reports\HPG - Licensing - Google Drive\March 2026 last quarter reports\02-2026\netgem\report_CRAVE NMG_Netgem_2026_02.xlsx; Accounting Project\Sample Reports\HPG - Licensing - Google Drive\March 2026 last quarter reports\02-2026\netgem\report_TEAM SKEET NMG_Netgem_2026_02.xlsx; Accounting Project\Sample Reports\HPG - Licensing - Google Drive\March 2026 last quarter reports\02-2026\proximus\report_CRAVE NMG_Proximus_2026_02.xlsx; Accounting Project\Sample Reports\HPG - Licensing - Google Drive\March 2026 last quarter reports\02-2026\proximus\report_TEAM SKEET NMG_Proximus_2026_02.xlsx
hpg_channel_bundle,hpg_february_2026_all_channels_spizoo_llc_raw_attack,bundle_candidate_ready,HPG Production,Spizoo LLC:Raw Attack,86.49,EUR,Various titles February 2026,2026-03-31,2026-05-31,Licensing,2,xlsx_hpg_canal; xlsx_hpg_proximus,review,17715,86.49,0.00,exact_bundle_match,"February 2026 Canal, Netgem, and Proximus files grouped together by canonical studio.",HPG source files reconcile individually; this row is a deterministic bundle preview.,Accounting Project\Sample Reports\HPG - Licensing - Google Drive\March 2026 last quarter reports\02-2026\canal-orange\report_RAW ATTACK NMG_CanalPlay_2026_02.xlsx; Accounting Project\Sample Reports\HPG - Licensing - Google Drive\March 2026 last quarter reports\02-2026\proximus\report_RAW ATTACK NMG_Proximus_2026_02.xlsx
hpg_channel_bundle,hpg_february_2026_all_channels_steam_internet_b_v_maturexxx,bundle_candidate_ready,HPG Production,Steam Internet B.V.:MatureXXX,49.78,EUR,Various titles February 2026,2026-03-31,2026-05-31,Licensing,2,xlsx_hpg_canal; xlsx_hpg_proximus,review,17710,49.78,0.00,exact_bundle_match,"February 2026 Canal, Netgem, and Proximus files grouped together by canonical studio.",HPG source files reconcile individually; this row is a deterministic bundle preview.,Accounting Project\Sample Reports\HPG - Licensing - Google Drive\March 2026 last quarter reports\02-2026\canal-orange\report_MATURE XXX NMG_CanalPlay_2026_02.xlsx; Accounting Project\Sample Reports\HPG - Licensing - Google Drive\March 2026 last quarter reports\02-2026\proximus\report_MATURE XXX NMG_Proximus_2026_02.xlsx
hpg_channel_bundle,hpg_january_2026_all_channels_smm_inc_true_x,bundle_candidate_ready,HPG Production,SMM Inc.:True X,17.44,EUR,Various titles January 2026 - TX,2026-03-31,2026-05-31,Licensing,3,xlsx_hpg_canal; xlsx_hpg_netgem; xlsx_hpg_proximus,review,17706,17.44,0.00,exact_bundle_match,"January 2026 Canal, Netgem, and Proximus files grouped together by canonical studio.",HPG source files reconcile individually; this row is a deterministic bundle preview.,Accounting Project\Sample Reports\HPG - Licensing - Google Drive\March 2026 last quarter reports\01-2026\canal-orange\report_TRUEX NMG_CanalPlay_2026_01.xlsx; Accounting Project\Sample Reports\HPG - Licensing - Google Drive\March 2026 last quarter reports\01-2026\netgem\report_TRUEX NMG_Netgem_2026_01.xlsx; Accounting Project\Sample Reports\HPG - Licensing - Google Drive\March 2026 last quarter reports\01-2026\proximus\report_TRUEX NMG_Proximus_2026_01.xlsx
hpg_channel_bundle,hpg_january_2026_all_channels_ama_multimedia_llc,bundle_candidate_ready,HPG Production,AMA Multimedia LLC,82.07,EUR,Various titles January 2026,2026-03-31,2026-05-31,Licensing,2,xlsx_hpg_canal; xlsx_hpg_proximus,review,17704,82.07,0.00,exact_bundle_match,"January 2026 Canal, Netgem, and Proximus files grouped together by canonical studio.",HPG source files reconcile individually; this row is a deterministic bundle preview.,Accounting Project\Sample Reports\HPG - Licensing - Google Drive\March 2026 last quarter reports\01-2026\canal-orange\report_PURE PASSION NMG_CanalPlay_2026_01.xlsx; Accounting Project\Sample Reports\HPG - Licensing - Google Drive\March 2026 last quarter reports\01-2026\proximus\report_PURE PASSION NMG_Proximus_2026_01.xlsx
hpg_channel_bundle,hpg_january_2026_all_channels_eyecash_inc_filthy_kings,bundle_candidate_ready,HPG Production,Eyecash Inc.:Filthy Kings,53.95,EUR,Various titles January 2026,2026-03-31,2026-05-31,Licensing,2,xlsx_hpg_canal; xlsx_hpg_proximus,review,17698,53.95,0.00,exact_bundle_match,"January 2026 Canal, Netgem, and Proximus files grouped together by canonical studio.",HPG source files reconcile individually; this row is a deterministic bundle preview.,Accounting Project\Sample Reports\HPG - Licensing - Google Drive\March 2026 last quarter reports\01-2026\canal-orange\report_FILTHY KINGS NMG_CanalPlay_2026_01.xlsx; Accounting Project\Sample Reports\HPG - Licensing - Google Drive\March 2026 last quarter reports\01-2026\proximus\report_FILTHY KINGS NMG_Proximus_2026_01.xlsx
hpg_channel_bundle,hpg_january_2026_all_channels_millennium_tga_inc_grooby,bundle_candidate_ready,HPG Production,Millennium TGA Inc:Grooby,157.05,EUR,Various titles January 2026,2026-03-31,2026-05-31,Licensing,3,xlsx_hpg_canal; xlsx_hpg_netgem; xlsx_hpg_proximus,review,17699,157.05,0.00,exact_bundle_match,"January 2026 Canal, Netgem, and Proximus files grouped together by canonical studio.",HPG source files reconcile individually; this row is a deterministic bundle preview.,Accounting Project\Sample Reports\HPG - Licensing - Google Drive\March 2026 last quarter reports\01-2026\canal-orange\report_GROOBY NMG_CanalPlay_2026_01.xlsx; Accounting Project\Sample Reports\HPG - Licensing - Google Drive\March 2026 last quarter reports\01-2026\netgem\report_GROOBY NMG_Netgem_2026_01.xlsx; Accounting Project\Sample Reports\HPG - Licensing - Google Drive\March 2026 last quarter reports\01-2026\proximus\report_GROOBY NMG_Proximus_2026_01.xlsx
hpg_channel_bundle,hpg_january_2026_all_channels_neptune_media_llc_mylf,bundle_candidate_ready,HPG Production,Neptune Media LLC:MYLF,44.48,EUR,Various titles January 2026,2026-03-31,2026-05-31,Licensing,1,xlsx_hpg_proximus,review,17707,44.48,0.00,exact_bundle_match,"January 2026 Canal, Netgem, and Proximus files grouped together by canonical studio.",HPG source files reconcile individually; this row is a deterministic bundle preview.,Accounting Project\Sample Reports\HPG - Licensing - Google Drive\March 2026 last quarter reports\01-2026\proximus\report_MYLF NMG_Proximus_2026_01.xlsx
hpg_channel_bundle,hpg_january_2026_all_channels_nf_media_inc_nubile_films,bundle_candidate_ready,HPG Production,NF Media Inc:Nubile Films,162.82,EUR,Various titles January 2026,2026-03-31,2026-05-31,Licensing,3,xlsx_hpg_canal; xlsx_hpg_netgem; xlsx_hpg_proximus,review,17701,162.82,0.00,exact_bundle_match,"January 2026 Canal, Netgem, and Proximus files grouped together by canonical studio.",HPG source files reconcile individually; this row is a deterministic bundle preview.,Accounting Project\Sample Reports\HPG - Licensing - Google Drive\March 2026 last quarter reports\01-2026\canal-orange\report_NUBILE FILMS NMG_CanalPlay_2026_01.xlsx; Accounting Project\Sample Reports\HPG - Licensing - Google Drive\March 2026 last quarter reports\01-2026\netgem\report_NUBILE FILMS NMG_Netgem_2026_01.xlsx; Accounting Project\Sample Reports\HPG - Licensing - Google Drive\March 2026 last quarter reports\01-2026\proximus\report_NUBILE FILMS NMG_Proximus_2026_01.xlsx
hpg_channel_bundle,hpg_january_2026_all_channels_nuvision_media_llc_pornstar_platinum,bundle_candidate_ready,HPG Production,NuVision Media LLC:Pornstar Platinum,92.92,EUR,Various titles January 2026,2026-03-31,2026-05-31,Licensing,2,xlsx_hpg_canal; xlsx_hpg_proximus,review,17702,92.92,0.00,exact_bundle_match,"January 2026 Canal, Netgem, and Proximus files grouped together by canonical studio.",HPG source files reconcile individually; this row is a deterministic bundle preview.,Accounting Project\Sample Reports\HPG - Licensing - Google Drive\March 2026 last quarter reports\01-2026\canal-orange\report_PORNSTAR PLATINIUM NMG_CanalPlay_2026_01.xlsx; Accounting Project\Sample Reports\HPG - Licensing - Google Drive\March 2026 last quarter reports\01-2026\proximus\report_PORNSTAR PLATINIUM NMG_Proximus_2026_01.xlsx
hpg_channel_bundle,hpg_january_2026_all_channels_paper_street_media_llc,bundle_candidate_ready,HPG Production,Paper Street Media LLC,204.26,EUR,Various titles January 2026,2026-03-31,2026-05-31,Licensing,5,xlsx_hpg_canal; xlsx_hpg_netgem; xlsx_hpg_proximus,review,17705,204.26,0.00,exact_bundle_match,"January 2026 Canal, Netgem, and Proximus files grouped together by canonical studio.",HPG source files reconcile individually; this row is a deterministic bundle preview.,Accounting Project\Sample Reports\HPG - Licensing - Google Drive\March 2026 last quarter reports\01-2026\canal-orange\report_TEAM SKEET NMG_CanalPlay_2026_01.xlsx; Accounting Project\Sample Reports\HPG - Licensing - Google Drive\March 2026 last quarter reports\01-2026\netgem\report_CRAVE NMG_Netgem_2026_01.xlsx; Accounting Project\Sample Reports\HPG - Licensing - Google Drive\March 2026 last quarter reports\01-2026\netgem\report_TEAM SKEET NMG_Netgem_2026_01.xlsx; Accounting Project\Sample Reports\HPG - Licensing - Google Drive\March 2026 last quarter reports\01-2026\proximus\report_CRAVE NMG_Proximus_2026_01.xlsx; Accounting Project\Sample Reports\HPG - Licensing - Google Drive\March 2026 last quarter reports\01-2026\proximus\report_TEAM SKEET NMG_Proximus_2026_01.xlsx
hpg_channel_bundle,hpg_january_2026_all_channels_spizoo_llc_raw_attack,bundle_candidate_ready,HPG Production,Spizoo LLC:Raw Attack,100.30,EUR,Various titles January 2026,2026-03-31,2026-05-31,Licensing,3,xlsx_hpg_canal; xlsx_hpg_netgem; xlsx_hpg_proximus,review,17703,100.3,0.00,exact_bundle_match,"January 2026 Canal, Netgem, and Proximus files grouped together by canonical studio.",HPG source files reconcile individually; this row is a deterministic bundle preview.,Accounting Project\Sample Reports\HPG - Licensing - Google Drive\March 2026 last quarter reports\01-2026\canal-orange\report_RAW ATTACK NMG_CanalPlay_2026_01.xlsx; Accounting Project\Sample Reports\HPG - Licensing - Google Drive\March 2026 last quarter reports\01-2026\netgem\report_RAW ATTACK NMG_Netgem_2026_01.xlsx; Accounting Project\Sample Reports\HPG - Licensing - Google Drive\March 2026 last quarter reports\01-2026\proximus\report_RAW ATTACK NMG_Proximus_2026_01.xlsx
hpg_channel_bundle,hpg_january_2026_all_channels_steam_internet_b_v_maturexxx,bundle_candidate_ready,HPG Production,Steam Internet B.V.:MatureXXX,267.32,EUR,Various titles January 2026,2026-03-31,2026-05-31,Licensing,2,xlsx_hpg_canal; xlsx_hpg_proximus,review,17700,267.32,0.00,exact_bundle_match,"January 2026 Canal, Netgem, and Proximus files grouped together by canonical studio.",HPG source files reconcile individually; this row is a deterministic bundle preview.,Accounting Project\Sample Reports\HPG - Licensing - Google Drive\March 2026 last quarter reports\01-2026\canal-orange\report_MATURE XXX NMG_CanalPlay_2026_01.xlsx; Accounting Project\Sample Reports\HPG - Licensing - Google Drive\March 2026 last quarter reports\01-2026\proximus\report_MATURE XXX NMG_Proximus_2026_01.xlsx
hpg_channel_bundle,hpg_march_2026_canal_smm_inc_true_x,bundle_candidate_ready,HPG Production,SMM Inc.:True X,45.96,EUR,Various titles March 2026 - TX,2026-03-31,2026-05-31,Licensing,1,xlsx_hpg_canal,review,17727,45.96,0.00,exact_bundle_match,March 2026 Canal files grouped by canonical studio.,HPG source files reconcile individually; this row is a deterministic bundle preview.,Accounting Project\Sample Reports\HPG - Licensing - Google Drive\March 2026 last quarter reports\03-2026\canal-orange\report_TRUEX NMG_CanalPlay_2026_03.xlsx
hpg_channel_bundle,hpg_march_2026_netgem_proximus_smm_inc_true_x,bundle_candidate_ready,HPG Production,SMM Inc.:True X,90.86,EUR,Various titles March 2026 - TX,2026-03-31,2026-05-31,Licensing,2,xlsx_hpg_netgem; xlsx_hpg_proximus,review,17747,90.86,0.00,exact_bundle_match,March 2026 Netgem and Proximus files grouped together by canonical studio.,HPG source files reconcile individually; this row is a deterministic bundle preview.,Accounting Project\Sample Reports\HPG - Licensing - Google Drive\March 2026 last quarter reports\03-2026\netgem - Please Process\report_TRUEX NMG_Netgem_2026_03.xlsx; Accounting Project\Sample Reports\HPG - Licensing - Google Drive\March 2026 last quarter reports\03-2026\proximus - Please Process\report_TRUEX NMG_Proximus_2026_03.xlsx
hpg_channel_bundle,hpg_march_2026_canal_ama_multimedia_llc,bundle_candidate_ready,HPG Production,AMA Multimedia LLC,41.22,EUR,Various titles March 2026,2026-03-31,2026-05-31,Licensing,2,xlsx_hpg_canal,review,17725,41.22,0.00,exact_bundle_match,March 2026 Canal files grouped by canonical studio.,HPG source files reconcile individually; this row is a deterministic bundle preview.,Accounting Project\Sample Reports\HPG - Licensing - Google Drive\March 2026 last quarter reports\03-2026\canal-orange\report_PURE PASSION NMG_CanalPlay_2026_03.xlsx; Accounting Project\Sample Reports\HPG - Licensing - Google Drive\March 2026 last quarter reports\03-2026\canal-orange\report_VISION FILMS NMG_CanalPlay_2026_03.xlsx
hpg_channel_bundle,hpg_march_2026_netgem_proximus_ama_multimedia_llc,bundle_candidate_ready,HPG Production,AMA Multimedia LLC,107.61,EUR,Various titles March 2026,2026-03-31,2026-05-31,Licensing,3,xlsx_hpg_netgem; xlsx_hpg_proximus,review,17746,107.61,0.00,exact_bundle_match,March 2026 Netgem and Proximus files grouped together by canonical studio.,HPG source files reconcile individually; this row is a deterministic bundle preview.,Accounting Project\Sample Reports\HPG - Licensing - Google Drive\March 2026 last quarter reports\03-2026\netgem - Please Process\report_PORN PRO NMG_Netgem_2026_03.xlsx; Accounting Project\Sample Reports\HPG - Licensing - Google Drive\March 2026 last quarter reports\03-2026\proximus - Please Process\report_PURE PASSION NMG_Proximus_2026_03.xlsx; Accounting Project\Sample Reports\HPG - Licensing - Google Drive\March 2026 last quarter reports\03-2026\proximus - Please Process\report_VISION FILMS NMG_Proximus_2026_03.xlsx
hpg_channel_bundle,hpg_march_2026_canal_eyecash_inc_filthy_kings,bundle_candidate_ready,HPG Production,Eyecash Inc.:Filthy Kings,2.74,EUR,Various titles March 2026,2026-03-31,2026-05-31,Licensing,1,xlsx_hpg_canal,review,17719,2.74,0.00,exact_bundle_match,March 2026 Canal files grouped by canonical studio.,HPG source files reconcile individually; this row is a deterministic bundle preview.,Accounting Project\Sample Reports\HPG - Licensing - Google Drive\March 2026 last quarter reports\03-2026\canal-orange\report_FILTHY KINGS NMG_CanalPlay_2026_03.xlsx
hpg_channel_bundle,hpg_march_2026_netgem_proximus_eyecash_inc_filthy_kings,bundle_candidate_ready,HPG Production,Eyecash Inc.:Filthy Kings,184.10,EUR,Various titles March 2026,2026-03-31,2026-05-31,Licensing,2,xlsx_hpg_netgem; xlsx_hpg_proximus,review,17741,184.1,0.00,exact_bundle_match,March 2026 Netgem and Proximus files grouped together by canonical studio.,HPG source files reconcile individually; this row is a deterministic bundle preview.,Accounting Project\Sample Reports\HPG - Licensing - Google Drive\March 2026 last quarter reports\03-2026\netgem - Please Process\report_FILTHY KINGS NMG_Netgem_2026_03.xlsx; Accounting Project\Sample Reports\HPG - Licensing - Google Drive\March 2026 last quarter reports\03-2026\proximus - Please Process\report_FILTHY KINGS NMG_Proximus_2026_03.xlsx
hpg_channel_bundle,hpg_march_2026_canal_millennium_tga_inc_grooby,bundle_candidate_ready,HPG Production,Millennium TGA Inc:Grooby,100.95,EUR,Various titles March 2026,2026-03-31,2026-05-31,Licensing,1,xlsx_hpg_canal,review,17720,100.95,0.00,exact_bundle_match,March 2026 Canal files grouped by canonical studio.,HPG source files reconcile individually; this row is a deterministic bundle preview.,Accounting Project\Sample Reports\HPG - Licensing - Google Drive\March 2026 last quarter reports\03-2026\canal-orange\report_GROOBY NMG_CanalPlay_2026_03.xlsx
hpg_channel_bundle,hpg_march_2026_netgem_proximus_millennium_tga_inc_grooby,bundle_candidate_ready,HPG Production,Millennium TGA Inc:Grooby,84.68,EUR,Various titles March 2026,2026-03-31,2026-05-31,Licensing,2,xlsx_hpg_netgem; xlsx_hpg_proximus,review,17742,84.68,0.00,exact_bundle_match,March 2026 Netgem and Proximus files grouped together by canonical studio.,HPG source files reconcile individually; this row is a deterministic bundle preview.,Accounting Project\Sample Reports\HPG - Licensing - Google Drive\March 2026 last quarter reports\03-2026\netgem - Please Process\report_GROOBY NMG_Netgem_2026_03.xlsx; Accounting Project\Sample Reports\HPG - Licensing - Google Drive\March 2026 last quarter reports\03-2026\proximus - Please Process\report_GROOBY NMG_Proximus_2026_03.xlsx
hpg_channel_bundle,hpg_march_2026_canal_neptune_media_llc_mylf,bundle_candidate_ready,HPG Production,Neptune Media LLC:MYLF,118.56,EUR,Various titles March 2026,2026-03-31,2026-05-31,Licensing,1,xlsx_hpg_canal,review,17722,118.56,0.00,exact_bundle_match,March 2026 Canal files grouped by canonical studio.,HPG source files reconcile individually; this row is a deterministic bundle preview.,Accounting Project\Sample Reports\HPG - Licensing - Google Drive\March 2026 last quarter reports\03-2026\canal-orange\report_MYLF NMG_CanalPlay_2026_03.xlsx
hpg_channel_bundle,hpg_march_2026_netgem_proximus_neptune_media_llc_mylf,bundle_candidate_ready,HPG Production,Neptune Media LLC:MYLF,202.03,EUR,Various titles March 2026,2026-03-31,2026-05-31,Licensing,2,xlsx_hpg_netgem; xlsx_hpg_proximus,review,17744,202.03,0.00,exact_bundle_match,March 2026 Netgem and Proximus files grouped together by canonical studio.,HPG source files reconcile individually; this row is a deterministic bundle preview.,Accounting Project\Sample Reports\HPG - Licensing - Google Drive\March 2026 last quarter reports\03-2026\netgem - Please Process\report_MYLF NMG_Netgem_2026_03.xlsx; Accounting Project\Sample Reports\HPG - Licensing - Google Drive\March 2026 last quarter reports\03-2026\proximus - Please Process\report_MYLF NMG_Proximus_2026_03.xlsx
hpg_channel_bundle,hpg_march_2026_canal_nf_media_inc_nubile_films,bundle_candidate_ready,HPG Production,NF Media Inc:Nubile Films,127.34,EUR,Various titles March 2026,2026-03-31,2026-05-31,Licensing,1,xlsx_hpg_canal,review,17723,127.34,0.00,exact_bundle_match,March 2026 Canal files grouped by canonical studio.,HPG source files reconcile individually; this row is a deterministic bundle preview.,Accounting Project\Sample Reports\HPG - Licensing - Google Drive\March 2026 last quarter reports\03-2026\canal-orange\report_NUBILE FILMS NMG_CanalPlay_2026_03.xlsx
hpg_channel_bundle,hpg_march_2026_netgem_proximus_nf_media_inc_nubile_films,bundle_candidate_ready,HPG Production,NF Media Inc:Nubile Films,70.49,EUR,Various titles March 2026,2026-03-31,2026-05-31,Licensing,2,xlsx_hpg_netgem; xlsx_hpg_proximus,review,17745,70.49,0.00,exact_bundle_match,March 2026 Netgem and Proximus files grouped together by canonical studio.,HPG source files reconcile individually; this row is a deterministic bundle preview.,Accounting Project\Sample Reports\HPG - Licensing - Google Drive\March 2026 last quarter reports\03-2026\netgem - Please Process\report_NUBILE FILMS NMG_Netgem_2026_03.xlsx; Accounting Project\Sample Reports\HPG - Licensing - Google Drive\March 2026 last quarter reports\03-2026\proximus - Please Process\report_NUBILE FILMS NMG_Proximus_2026_03.xlsx
hpg_channel_bundle,hpg_march_2026_canal_nuvision_media_llc_pornstar_platinum,bundle_candidate_ready,HPG Production,NuVision Media LLC:Pornstar Platinum,127.86,EUR,Various titles March 2026,2026-03-31,2026-05-31,Licensing,1,xlsx_hpg_canal,review,17724,127.86,0.00,exact_bundle_match,March 2026 Canal files grouped by canonical studio.,HPG source files reconcile individually; this row is a deterministic bundle preview.,Accounting Project\Sample Reports\HPG - Licensing - Google Drive\March 2026 last quarter reports\03-2026\canal-orange\report_PORNSTAR PLATINIUM NMG_CanalPlay_2026_03.xlsx
hpg_channel_bundle,hpg_march_2026_netgem_proximus_nuvision_media_llc_pornstar_platinum,bundle_candidate_ready,HPG Production,NuVision Media LLC:Pornstar Platinum,26.66,EUR,Various titles March 2026,2026-03-31,2026-05-31,Licensing,1,xlsx_hpg_proximus,review,17748,26.66,0.00,exact_bundle_match,March 2026 Netgem and Proximus files grouped together by canonical studio.,HPG source files reconcile individually; this row is a deterministic bundle preview.,Accounting Project\Sample Reports\HPG - Licensing - Google Drive\March 2026 last quarter reports\03-2026\proximus - Please Process\report_PORNSTAR PLATINIUM NMG_Proximus_2026_03.xlsx
hpg_channel_bundle,hpg_march_2026_canal_paper_street_media_llc,bundle_candidate_ready,HPG Production,Paper Street Media LLC,40.64,EUR,Various titles March 2026,2026-03-31,2026-05-31,Licensing,2,xlsx_hpg_canal,review,17718,40.64,0.00,exact_bundle_match,March 2026 Canal files grouped by canonical studio.,HPG source files reconcile individually; this row is a deterministic bundle preview.,Accounting Project\Sample Reports\HPG - Licensing - Google Drive\March 2026 last quarter reports\03-2026\canal-orange\report_CRAVE NMG_CanalPlay_2026_03.xlsx; Accounting Project\Sample Reports\HPG - Licensing - Google Drive\March 2026 last quarter reports\03-2026\canal-orange\report_TEAM SKEET NMG_CanalPlay_2026_03.xlsx
hpg_channel_bundle,hpg_march_2026_netgem_proximus_paper_street_media_llc,bundle_candidate_ready,HPG Production,Paper Street Media LLC,69.35,EUR,Various titles March 2026,2026-03-31,2026-05-31,Licensing,3,xlsx_hpg_netgem; xlsx_hpg_proximus,review,17740,69.35,0.00,exact_bundle_match,March 2026 Netgem and Proximus files grouped together by canonical studio.,HPG source files reconcile individually; this row is a deterministic bundle preview.,Accounting Project\Sample Reports\HPG - Licensing - Google Drive\March 2026 last quarter reports\03-2026\netgem - Please Process\report_CRAVE NMG_Netgem_2026_03.xlsx; Accounting Project\Sample Reports\HPG - Licensing - Google Drive\March 2026 last quarter reports\03-2026\proximus - Please Process\report_CRAVE NMG_Proximus_2026_03.xlsx; Accounting Project\Sample Reports\HPG - Licensing - Google Drive\March 2026 last quarter reports\03-2026\proximus - Please Process\report_TEAM SKEET NMG_Proximus_2026_03.xlsx
hpg_channel_bundle,hpg_march_2026_canal_spizoo_llc_raw_attack,bundle_candidate_ready,HPG Production,Spizoo LLC:Raw Attack,38.15,EUR,Various titles March 2026,2026-03-31,2026-05-31,Licensing,1,xlsx_hpg_canal,review,17726,38.15,0.00,exact_bundle_match,March 2026 Canal files grouped by canonical studio.,HPG source files reconcile individually; this row is a deterministic bundle preview.,Accounting Project\Sample Reports\HPG - Licensing - Google Drive\March 2026 last quarter reports\03-2026\canal-orange\report_RAW ATTACK NMG_CanalPlay_2026_03.xlsx
hpg_channel_bundle,hpg_march_2026_netgem_proximus_spizoo_llc_raw_attack,bundle_candidate_ready,HPG Production,Spizoo LLC:Raw Attack,43.07,EUR,Various titles March 2026,2026-03-31,2026-05-31,Licensing,1,xlsx_hpg_proximus,review,17749,43.07,0.00,exact_bundle_match,March 2026 Netgem and Proximus files grouped together by canonical studio.,HPG source files reconcile individually; this row is a deterministic bundle preview.,Accounting Project\Sample Reports\HPG - Licensing - Google Drive\March 2026 last quarter reports\03-2026\proximus - Please Process\report_RAW ATTACK NMG_Proximus_2026_03.xlsx
hpg_channel_bundle,hpg_march_2026_canal_steam_internet_b_v_maturexxx,bundle_candidate_ready,HPG Production,Steam Internet B.V.:MatureXXX,20.68,EUR,Various titles March 2026,2026-03-31,2026-05-31,Licensing,1,xlsx_hpg_canal,review,17721,20.68,0.00,exact_bundle_match,March 2026 Canal files grouped by canonical studio.,HPG source files reconcile individually; this row is a deterministic bundle preview.,Accounting Project\Sample Reports\HPG - Licensing - Google Drive\March 2026 last quarter reports\03-2026\canal-orange\report_MATURE XXX NMG_CanalPlay_2026_03.xlsx
hpg_channel_bundle,hpg_march_2026_netgem_proximus_steam_internet_b_v_maturexxx,bundle_candidate_ready,HPG Production,Steam Internet B.V.:MatureXXX,298.01,EUR,Various titles March 2026,2026-03-31,2026-05-31,Licensing,2,xlsx_hpg_netgem; xlsx_hpg_proximus,review,17743,298.01,0.00,exact_bundle_match,March 2026 Netgem and Proximus files grouped together by canonical studio.,HPG source files reconcile individually; this row is a deterministic bundle preview.,Accounting Project\Sample Reports\HPG - Licensing - Google Drive\March 2026 last quarter reports\03-2026\netgem - Please Process\report_MATURE XXX NMG_Netgem_2026_03.xlsx; Accounting Project\Sample Reports\HPG - Licensing - Google Drive\March 2026 last quarter reports\03-2026\proximus - Please Process\report_MATURE XXX NMG_Proximus_2026_03.xlsx
